Current (mA), Voltage (V), Temperature (K), Time (s)
0.0, -2.42821e-06, 300.19, 1745334671.0235157
0.05, -9.749132e-05, 300.17, 1745334672.7828696
0.1, -0.00016583282, 300.15, 1745334674.369291
0.15000000000000002, -0.00021433179, 300.13, 1745334675.982312
0.2, -0.00024848135, 300.11, 1745334677.5642297
0.25, -0.00027198971, 300.08, 1745334679.273937
0.30000000000000004, -0.00028723422, 300.06, 1745334680.841187
