Current (mA),Voltage (V),Temperature (K),Time (s)
0.0, 2.026e-08, 0.0, 1745336564.6603892
0.05, 0.00050347197, 0.0, 1745336567.411953
0.1, 0.0010069096, 0.0, 1745336570.1766703
0.15000000000000002, 0.0015103128, 0.0, 1745336573.1187687
0.2, 0.0020137716, 0.0, 1745336576.1101854
0.25, 0.0025172184, 0.0, 1745336579.2925642
0.30000000000000004, 0.0030206428, 0.0, 1745336582.5533085
0.35000000000000003, 0.003524091, 0.0, 1745336585.4339333
0.4, 0.0040275075, 0.0, 1745336588.5006835
